model,model_slope,model_SE,model_pval,model_intercept,model_R2,residual_SE
CHLa vs TP,572.1573867385026,42.745023664445704,5.827210045222022e-16,2.897627678861277,0.8250200776146313,8.586551187011514
CHLa vs TN,54.599087235820164,4.194099295445749,1.3945975567048312e-15,-15.74020051,0.8168411678510423,8.784935684
TN vs TP,8.894672745354397,0.8827406846428072,2.76353284190135e-12,0.3958870741504917,0.7276568040420327,0.17732352034811635
,,,,,,
,,,,,,
,,,,,,
