model,model_slope,model_SE,model_pval,model_intercept,model_R2,residual_SE
CHLa vs TP,576.6833974055686,29.414514642844736,4.734536909672749e-44,2.6706256622346705,0.7099959796588755,12.298151053076474
CHLa vs TN,52.63326738728999,2.8596247228967813,4.824812747865166e-41,-14.35704796586726,0.6833197148560387,12.851337448055862
TN vs TP,8.801623722977668,0.49241858288979223,1.0957046132604615e-39,0.3981953036880062,0.6705069757484939,0.20587924659819754
MC vs CHLa,0.0015661821968319968,0.0010166925636144997,0.1254854049817843,0.14635248495190675,0.015079083092949096,0.29035735823722175
MC vs TN,-0.015067379571792251,0.06517691662089908,0.8174824707799226,0.19223454836350215,3.4467233201528763e-4,0.292521167767351
MC vs TP,0.25495677512899834,0.7003715051509697,0.7163311291927781,0.17281482337324464,8.542270799978546e-4,0.29244660479290596
