model,model_slope,model_SE,model_pval,model_intercept,model_R2,residual_SE
CHLa vs TP,559.8156316771208,49.44714324807451,6.622327362571184e-13,4.102467978487959,0.7952552201351644,8.550145001162912
CHLa vs TN,55.05528627892071,4.398776857867952,2.897438343637578e-12,-18.49012197911577,0.8623737299886669,7.708736299417348
TP vs TN,0.08596776795703745,0.0092929633795445,1.5068782192947086e-9,-0.025951536356132395,0.7739155345738281,0.016285664503512147
