variable,model_slope,model_SE,model_pval,model_intercept,model_R2,residual_SE
CHLa23,1.1339357088353443,0.10280900523821601,1.230227335295983e-7,-1.511564852759311,0.9102137020460307,8.350964902295631
TN23,0.9221543914705292,0.07484105811359991,3.5999997608632123e-8,0.08058182035585047,0.9267486288197574,0.11831845970483605
TP23,0.8952924022813359,0.05936229498788263,3.6519307002198684e-9,0.002374848592897313,0.9498876187074957,0.009835642534643698
CHLa24,0.502072455055139,0.15644933506535907,0.00389242019805833,11.946035696595676,0.309283790718894,9.01480225703765
TN24,0.862198696550238,0.1520253326069408,1.441622608758476e-4,0.04291215711677514,0.745163575244794,0.09554919451425417
TP24,0.49037125538193405,0.09272229332670676,4.1898390206844685e-5,0.008177039042732839,0.5954804981837643,0.005367598699234559
