variable,model_slope,model_MAD,model_pval,model_intercept
CHLa,1.3632108920720465,0.16712008185973093,0.014147403886021537,-0.9496823145653099
TN,0.48757352941176496,0.1439156826163304,0.0625,0.3088348331870059
TP,0.3214285714285714,0.25416000000000005,0.10034824646229079,0.010499999999999994
