variable,model_slope,model_SE,model_pval,model_intercept,model_R2,residual_SE
CHLa,0.46170051808683843,0.26772691173873003,0.13537621205996717,9.330434550232678,0.33139963510385667,7.676618944534012
TN,0.5617520568436791,0.32781264594566145,0.18511026571997222,0.2816859573672404,0.4946562956760092,0.1356114600163226
TP,0.39170040485829943,0.21452953840310382,0.16535129372511245,0.00945546558704454,0.5263474190283397,0.004264769525931237
